id,title,jurisdiction,domain,year,legal_basis,status,source_url,source_org,in_atlas,atlas_download,in_kg,kg_words,kg_text_status,review_flags
EU_8EAP,8th Environment Action Programme (Decision 2022/591),EU,governance,2022,decision,current,https://eur-lex.europa.eu/legal-content/EN/TXT/PDF/?uri=CELEX:32022D0591,EUR-Lex,yes,pending,no,,,
EU_AAQ_DIR,Ambient Air Quality Directive (revised 2024),EU,circular;climate,2024,directive,current,https://eur-lex.europa.eu/legal-content/EN/TXT/PDF/?uri=OJ:L_202402881,EUR-Lex,yes,pending,no,,,
EU_BATHING_WATER_DIR,Bathing Water Directive,EU,water,2006,directive,current,https://eur-lex.europa.eu/legal-content/EN/TXT/?uri=CELEX:32006L0007,,yes,ready,yes,7163,ok,url-from-kg-library
EU_BATTERIES_REG,Batteries and Waste Batteries Regulation (2023),EU,,2023,,current,https://eur-lex.europa.eu/legal-content/EN/TXT/PDF/?uri=CELEX:32023R1542,,yes,ready,no,,,
EU_BIODIV_STRATEGY,EU Biodiversity Strategy for 2030 (COM/2020/380),EU,biodiversity,2020,strategy,current,https://eur-lex.europa.eu/legal-content/EN/TXT/PDF/?uri=CELEX:52020DC0380,EUR-Lex,yes,ready,yes,11067,ok,
EU_BIRDS_DIR,Birds Directive (2009/147/EC consolidated),EU,biodiversity,2009,directive,current,https://eur-lex.europa.eu/legal-content/EN/TXT/PDF/?uri=CELEX:02009L0147-20190626,EUR-Lex,yes,pending,no,,,
EU_CAP_REG,CAP Strategic Plans Regulation (2021/2115),EU,agriculture,2021,regulation,current,https://eur-lex.europa.eu/legal-content/EN/TXT/PDF/?uri=CELEX:32021R2115,EUR-Lex,yes,pending,no,,,
EU_CBAM,Carbon Border Adjustment Mechanism (2023/956),EU,climate;circular,2023,regulation,current,https://eur-lex.europa.eu/legal-content/EN/TXT/PDF/?uri=CELEX:32023R0956,EUR-Lex,yes,pending,no,,,
EU_CEAP,Circular Economy Action Plan (COM/2020/98),EU,circular,2020,strategy,current,https://eur-lex.europa.eu/legal-content/EN/TXT/PDF/?uri=CELEX:52020DC0098,EUR-Lex,yes,ready,no,,,
EU_CFP,Common Fisheries Policy (CFP),EU,agriculture;water,2013,regulation,current,https://eur-lex.europa.eu/legal-content/EN/TXT/?uri=CELEX:32013R1380,,yes,ready,yes,22590,ok,url-from-kg-library
EU_CLIMATE_LAW,European Climate Law (Regulation 2021/1119),EU,climate,2021,regulation,current,https://eur-lex.europa.eu/legal-content/EN/TXT/PDF/?uri=CELEX:32021R1119,EUR-Lex,yes,pending,yes,10594,ok,
EU_CSDDD,Corporate Sustainability Due Diligence Directive (2024),EU,,2024,,current,https://eur-lex.europa.eu/legal-content/EN/TXT/PDF/?uri=CELEX:32024L1760,,yes,ready,no,,,
EU_CSRD,Corporate Sustainability Reporting Directive (2022/2464),EU,,2022,,current,https://eur-lex.europa.eu/legal-content/EN/TXT/PDF/?uri=CELEX:32022L2464,,yes,ready,no,,,
EU_DEFORESTATION_REG,EU Deforestation Regulation (2023/1115),EU,biodiversity;agriculture,2023,regulation,current,https://eur-lex.europa.eu/legal-content/EN/TXT/PDF/?uri=CELEX:32023R1115,EUR-Lex,yes,ready,no,,,
EU_DRINKING_WATER_DIR,Drinking Water Directive (recast 2020/2184),EU,water,2020,directive,current,https://eur-lex.europa.eu/legal-content/EN/TXT/PDF/?uri=CELEX:32020L2184,EUR-Lex,yes,pending,no,,,
EU_ECODESIGN_REG,Ecodesign for Sustainable Products Regulation (2024),EU,,2024,,current,https://eur-lex.europa.eu/legal-content/EN/TXT/PDF/?uri=CELEX:32024R1781,,yes,ready,no,,,
EU_EED,Energy Efficiency Directive (recast 2023/1791),EU,climate,2023,directive,current,https://eur-lex.europa.eu/legal-content/EN/TXT/PDF/?uri=CELEX:32023L1791,EUR-Lex,yes,pending,no,,,
EU_EFFORT_SHARING,Effort Sharing Regulation (revised 2023/857),EU,climate,2023,regulation,current,https://eur-lex.europa.eu/legal-content/EN/TXT/PDF/?uri=CELEX:32023R0857,EUR-Lex,yes,pending,no,,,
EU_EIA_DIR,Environmental Impact Assessment Directive (codified 2011/92/EU),EU,governance;planning,2011,directive,current,https://eur-lex.europa.eu/legal-content/EN/TXT/PDF/?uri=CELEX:02011L0092-20140515,EUR-Lex,yes,pending,yes,9212,ok,
EU_EMFF,European Maritime & Fisheries Fund Operational Programme 2014-2020,EU,water;agriculture,2014,regulation,current,https://oceans-and-fisheries.ec.europa.eu/funding/emff_en,,yes,ready,yes,1181,short-source,
EU_EPBD,Energy Performance of Buildings Directive (recast 2024),EU,,2024,,current,https://eur-lex.europa.eu/legal-content/EN/TXT/PDF/?uri=CELEX:32024L1275,,yes,ready,no,,,
EU_ETS_DIR,EU Emissions Trading System Directive (revised 2023/959),EU,climate,2023,directive,current,https://eur-lex.europa.eu/legal-content/EN/TXT/PDF/?uri=CELEX:32023L0959,EUR-Lex,yes,pending,no,,,
EU_EU_WFD,EU Water Framework Directive (2000/60/EC),EU,water,2000,eu_directive,current,https://eur-lex.europa.eu/legal-content/EN/TXT/?uri=CELEX:32000L0060,,no,,yes,23240,ok,new-from-kg
EU_FARM_TO_FORK,Farm to Fork Strategy (COM/2020/381),EU,agriculture,2020,strategy,current,https://eur-lex.europa.eu/legal-content/EN/TXT/PDF/?uri=CELEX:52020DC0381,EUR-Lex,yes,ready,no,,,
EU_FLOODS_DIR,Floods Directive (2007/60/EC),EU,water;climate,2007,directive,current,https://eur-lex.europa.eu/legal-content/EN/TXT/PDF/?uri=CELEX:32007L0060,EUR-Lex,yes,pending,no,,,
EU_FORESHORE_ACT_1933_ENVIRONMENTAL_IMPACT,European Union (Foreshore Act 1933) (Environmental Impact Assessment) (Amendment) Regulations 2021,EU,water,2021,regulation,current,,,no,,yes,4538,ok,new-from-kg; url-unresolved
EU_FOREST_STRATEGY,New EU Forest Strategy for 2030 (COM/2021/572),EU,biodiversity;climate,2021,strategy,current,https://eur-lex.europa.eu/legal-content/EN/TXT/PDF/?uri=CELEX:52021DC0572,EUR-Lex,yes,ready,no,,,
EU_GES_CRITERIA,EC decision 2017/848 - criteria / standards for Good Environmental Status for marine waters,EU,water,2017,decision,current,https://eur-lex.europa.eu/legal-content/EN/TXT/?uri=CELEX:32017D0848,,yes,ready,no,,,
EU_GOV_REG,Energy Union Governance Regulation (2018/1999),EU,climate;governance,2018,regulation,current,https://eur-lex.europa.eu/legal-content/EN/TXT/PDF/?uri=CELEX:32018R1999,EUR-Lex,yes,pending,no,,,
EU_GREEN_DEAL,The European Green Deal (COM/2019/640),EU,climate;governance,2019,strategy,current,https://eur-lex.europa.eu/legal-content/EN/TXT/PDF/?uri=CELEX:52019DC0640,EUR-Lex,yes,ready,no,,,
EU_GREEN_DEAL_COMMISSION,The European Green Deal European Commission,EU,climate,2019,policy,current,https://eur-lex.europa.eu/legal-content/EN/TXT/?uri=CELEX:52019DC0640,,no,,yes,2171,short-source,new-from-kg
EU_GROUNDWATER_DIR,Groundwater Directive,EU,water,2006,directive,current,https://eur-lex.europa.eu/legal-content/EN/TXT/?uri=CELEX:32006L0118,,yes,ready,yes,4292,ok,url-from-kg-library
EU_HABITATS_DIR,Habitats Directive (92/43/EEC consolidated),EU,biodiversity,1992,directive,current,https://eur-lex.europa.eu/legal-content/EN/TXT/PDF/?uri=CELEX:01992L0043-20130701,EUR-Lex,yes,pending,no,,,
EU_IAS_REG,Invasive Alien Species Regulation (1143/2014),EU,biodiversity,2014,regulation,current,https://eur-lex.europa.eu/legal-content/EN/TXT/PDF/?uri=CELEX:32014R1143,EUR-Lex,yes,pending,no,,,
EU_IED,Industrial Emissions Directive (recast 2024),EU,circular;climate,2024,directive,current,https://eur-lex.europa.eu/legal-content/EN/TXT/PDF/?uri=OJ:L_202401785,EUR-Lex,yes,pending,no,,,
EU_LIFE_IE,EU LIFE Programme funded projects,EU,biodiversity,2024,report,current,https://cinea.ec.europa.eu/programmes/life_en,,yes,ready,no,,,
EU_LULUCF_REG,LULUCF Regulation (revised 2023/839),EU,climate;agriculture,2023,regulation,current,https://eur-lex.europa.eu/legal-content/EN/TXT/PDF/?uri=CELEX:32023R0839,EUR-Lex,yes,pending,no,,,
EU_MARINE_STRATEGY_FRAMEWORK_DIRECTIVE_P3,Marine Strategy Framework Directive P3 Programme of Measures,EU,water,2008,eu_directive,current,https://assets.gov.ie/103282/32d0ffba-212d-419b-a3ed-a4ddfdf2bc2d.pdf,,no,,yes,23238,ok,new-from-kg; dedupe-check: IE_MARINE_STRATEGY
EU_METHANE_REG,Methane Emissions Regulation (2024),EU,,2024,,current,https://eur-lex.europa.eu/legal-content/EN/TXT/PDF/?uri=CELEX:32024R1787,,yes,ready,no,,,
EU_MSFD,Marine Strategy Framework Directive (2008/56/EC),EU,water,2008,directive,current,https://eur-lex.europa.eu/legal-content/EN/TXT/PDF/?uri=CELEX:32008L0056,EUR-Lex,yes,pending,yes,11507,ok,
EU_MSP_DIR,Maritime Spatial Planning Directive (2014/89/EU),EU,water;planning,2014,directive,current,https://eur-lex.europa.eu/legal-content/EN/TXT/PDF/?uri=CELEX:32014L0089,EUR-Lex,yes,pending,no,,,
EU_MSP_REGS,European Union (Framework for Maritime Spatial Planning) Regulations,EU,water;planning,2016,regulation,current,https://www.irishstatutebook.ie/eli/2016/si/352/made/en/print,,yes,ready,yes,2635,short-source,
EU_NEC_DIR,National Emission Ceilings Directive (2016/2284),EU,,2016,,current,https://eur-lex.europa.eu/legal-content/EN/TXT/PDF/?uri=CELEX:32016L2284,,yes,ready,no,,,
EU_NITRATES_DIR,Nitrates Directive (91/676/EEC consolidated),EU,water;agriculture,1991,directive,current,https://eur-lex.europa.eu/legal-content/EN/TXT/PDF/?uri=CELEX:01991L0676-20081211,EUR-Lex,yes,pending,yes,3707,ok,
EU_NRL,Nature Restoration Law (Regulation 2024/1991),EU,biodiversity,2024,regulation,current,https://eur-lex.europa.eu/legal-content/EN/TXT/PDF/?uri=CELEX:32024R1991,EUR-Lex,yes,pending,yes,36179,ok,
EU_PACKAGING_REG,Packaging and Packaging Waste Regulation (2024),EU,circular,2024,regulation,current,https://eur-lex.europa.eu/legal-content/EN/TXT/PDF/?uri=OJ:L_202402653,EUR-Lex,yes,pending,no,,,
EU_PORT_RECEPTION_FACILITIES_DELIVERY_WASTE,European Union Port Reception Facilities for the Delivery of Waste From Ships Regulations 2021,EU,water,2021,regulation,current,,,no,,yes,6015,ok,new-from-kg; url-unresolved
EU_REACH,REACH Regulation (1907/2006 consolidated),EU,circular,2006,regulation,current,https://eur-lex.europa.eu/legal-content/EN/TXT/PDF/?uri=CELEX:02006R1907-20221217,EUR-Lex,yes,pending,no,,,
EU_RED_III,Renewable Energy Directive III (2023/2413),EU,climate,2023,directive,current,https://eur-lex.europa.eu/legal-content/EN/TXT/PDF/?uri=CELEX:32023L2413,EUR-Lex,yes,pending,no,,,
EU_SEA_DIR,Strategic Environmental Assessment Directive (2001/42/EC),EU,governance;planning,2001,directive,current,https://eur-lex.europa.eu/legal-content/EN/TXT/PDF/?uri=CELEX:32001L0042,EUR-Lex,yes,pending,yes,4215,ok,
EU_SFDR,Sustainable Finance Disclosure Regulation (2019/2088),EU,,2019,,current,https://eur-lex.europa.eu/legal-content/EN/TXT/PDF/?uri=CELEX:32019R2088,,yes,ready,no,,,
EU_SOIL_STRATEGY,EU Soil Strategy for 2030 (COM/2021/699),EU,biodiversity;agriculture,2021,strategy,current,https://eur-lex.europa.eu/legal-content/EN/TXT/PDF/?uri=CELEX:52021DC0699,EUR-Lex,yes,pending,yes,11328,ok,
EU_SUP_DIR,Single-Use Plastics Directive (2019/904),EU,circular;water,2019,directive,current,https://eur-lex.europa.eu/legal-content/EN/TXT/PDF/?uri=CELEX:32019L0904,EUR-Lex,yes,ready,no,,,
EU_TAXONOMY,EU Taxonomy Regulation (2020/852),EU,climate;governance,2020,regulation,current,https://eur-lex.europa.eu/legal-content/EN/TXT/PDF/?uri=CELEX:32020R0852,EUR-Lex,yes,pending,no,,,
EU_URBAN_WW_DIR,Urban Waste Water Treatment Directive (recast 2024),EU,water,2024,directive,current,https://eur-lex.europa.eu/legal-content/EN/TXT/PDF/?uri=OJ:L_202402278,EUR-Lex,yes,pending,no,,,
EU_WFD,Water Framework Directive (2000/60/EC consolidated),EU,water,2000,directive,current,https://eur-lex.europa.eu/legal-content/EN/TXT/PDF/?uri=CELEX:02000L0060-20141120,EUR-Lex,yes,pending,no,,,
EU_WFD_WASTE,Waste Framework Directive (2008/98/EC consolidated),EU,circular,2008,directive,current,https://eur-lex.europa.eu/legal-content/EN/TXT/PDF/?uri=CELEX:02008L0098-20180705,EUR-Lex,yes,pending,no,,,
EU_ZERO_POLLUTION,Zero Pollution Action Plan (COM/2021/400),EU,circular;water,2021,strategy,current,https://eur-lex.europa.eu/legal-content/EN/TXT/PDF/?uri=CELEX:52021DC0400,EUR-Lex,yes,ready,no,,,
GL_AARHUS,"Aarhus Convention on Access to Information, Public Participation and Justice",GL,governance,1998,convention,current,https://unece.org/DAM/env/pp/documents/cep43e.pdf,UNECE,yes,pending,no,,,
GL_AICHI_TARGETS_EN,Aichi Targets En,GL,biodiversity,2010,policy,current,https://www.cbd.int/sp/targets,,no,,yes,1458,short-source,jurisdiction-guessed;  new-from-kg; year-known-convention
GL_BASEL,Basel Convention (Hazardous Waste),GL,circular,1989,treaty,current,https://www.basel.int/Portals/4/download.aspx?d=UNEP-CHW-IMPL-CONVTEXT.English.pdf,,yes,ready,no,,,
GL_BBNJ,Agreement on Marine Biodiversity Beyond National Jurisdiction (BBNJ Treaty),GL,water;biodiversity,2023,treaty,current,https://treaties.un.org/doc/Treaties/2023/09/20230920%2004-23%20AM/Ch_XXI_10.pdf,UN Treaty Collection,yes,pending,no,,,
GL_CBD,Convention on Biological Diversity,GL,biodiversity,1992,treaty,current,https://www.cbd.int/doc/legal/cbd-en.pdf,CBD Secretariat,yes,pending,yes,9934,ok,
GL_CFS_VGGT,Voluntary Guidelines on Land Tenure (CFS/FAO),GL,agriculture,2012,guidelines,current,https://www.fao.org/3/i2801e/i2801e.pdf,,yes,ready,no,,,
GL_CITES,Convention on International Trade in Endangered Species,GL,biodiversity,1973,treaty,current,https://cites.org/sites/default/files/eng/disc/CITES-Convention-EN.pdf,CITES Secretariat,yes,pending,no,,,
GL_CITES_CONVENTION_EN,CITES Convention En,GL,biodiversity,1973,treaty,current,https://cites.org/eng/disc/text.php,,no,,yes,7192,ok,jurisdiction-guessed;  new-from-kg; year-known-convention
GL_CMS,Convention on the Conservation of Migratory Species,GL,biodiversity,1979,treaty,current,https://www.cms.int/sites/default/files/instrument/CMS-text.en_.PDF,CMS Secretariat,yes,pending,yes,4659,ok,
GL_COP15_DECISIONS,COP15,GL,biodiversity,2022,decision,current,https://www.cbd.int/conferences/2021-2022/cop-15/documents,,yes,ready,no,,,
GL_CURRENT_CONVENTION_TEXT,Current Convention Text E,GL,cross_cutting,1971,treaty,current,https://www.ramsar.org/documents,,no,,yes,2207,short-source,jurisdiction-guessed; new-from-kg; year-known-convention; url-collection-page
GL_ESPOO,Espoo Convention on Environmental Impact Assessment in a Transboundary Context,GL,governance,1991,convention,current,https://unece.org/DAM/env/eia/documents/legaltexts/Espoo_Convention_authentic_ENG.pdf,UNECE,yes,pending,no,,,
GL_GBF,Kunming-Montreal Global Biodiversity Framework,GL,biodiversity,2022,framework,current,https://www.cbd.int/doc/decisions/cop-15/cop-15-dec-04-en.pdf,CBD Secretariat,yes,pending,no,,,
GL_ICI,Inclusive Conservation Initiative,GL,biodiversity,2020,framework,current,,,yes,ready,yes,64973,ok,url-unresolved
GL_IPBES_GA,IPBES Global Assessment — Summary for Policymakers,GL,biodiversity,2019,report,current,https://zenodo.org/records/3553579/files/ipbes_global_assessment_report_summary_for_policymakers.pdf,IPBES,yes,pending,no,,,
GL_IPCC_AR6_SPM,IPCC AR6 Synthesis Report — Summary for Policymakers,GL,climate,2023,report,current,https://www.ipcc.ch/report/ar6/syr/downloads/report/IPCC_AR6_SYR_SPM.pdf,IPCC,yes,pending,no,,,
GL_IPCC_SR15,IPCC Special Report on Global Warming of 1.5°C — SPM,GL,climate,2018,report,current,https://www.ipcc.ch/site/assets/uploads/sites/2/2022/06/SPM_version_report_LR.pdf,IPCC,yes,pending,no,,,
GL_ITPGRFA,International Treaty on Plant Genetic Resources,GL,agriculture;biodiversity,2001,treaty,current,https://www.fao.org/3/i0510e/i0510e.pdf,,yes,ready,no,,,
GL_KYOTO,Kyoto Protocol to the UNFCCC,GL,climate,1997,protocol,current,https://unfccc.int/resource/docs/convkp/kpeng.pdf,UNFCCC Secretariat,yes,pending,no,,,
GL_MARPOL,MARPOL Convention (Marine Pollution),GL,water,1973,convention,current,https://www.imo.org/en/About/Conventions/Pages/International-Convention-for-the-Prevention-of-Pollution-from-Ships-(MARPOL).aspx,,yes,ready,no,,,
GL_MARPOL_1973_FINAL_ACT_CONVENTION,MARPOL 1973 Final Act and Convention,GL,water,1973,act,current,https://www.imo.org/en/About/Conventions/Pages/International-Convention-for-the-Prevention-of-Pollution-from-Ships-(MARPOL).aspx,,no,,yes,0,excluded-no-text,jurisdiction-guessed;  new-from-kg; year-known-convention
GL_MINAMATA,Minamata Convention (Mercury),GL,circular,2013,treaty,current,https://mercuryconvention.org/sites/default/files/documents/Minamata-Convention-booklet-Sep2019-EN.pdf,,yes,ready,no,,,
GL_NDC_SYNTHESIS,NDC Synthesis Report (Latest),GL,climate,2024,report,current,https://unfccc.int/sites/default/files/resource/cma2023_12.pdf,,yes,ready,no,,,
GL_OSPAR,OSPAR Convention for the Protection of the Marine Environment of the North-East Atlantic,GL,water,1992,convention,current,https://www.ospar.org/site/assets/files/1290/ospar_convention-1.pdf,OSPAR Commission,yes,pending,no,,,
GL_PARIS,Paris Agreement,GL,climate,2015,treaty,current,https://unfccc.int/sites/default/files/english_paris_agreement.pdf,UNFCCC Secretariat,yes,pending,no,,,
GL_RAMSAR,Ramsar Convention on Wetlands,GL,biodiversity;water,1971,treaty,current,https://www.ramsar.org/sites/default/files/documents/library/current_convention_text_e.pdf,Ramsar Secretariat,yes,pending,no,,,
GL_ROTTERDAM,Rotterdam Convention (Chemicals),GL,circular,1998,treaty,current,https://www.pic.int/Portals/5/download.aspx?d=UNEP-FAO-RC-CONVTEXT-2019.English.pdf,,yes,ready,no,,,
GL_SDG_2030,Transforming our World: the 2030 Agenda for Sustainable Development,GL,governance,2015,framework,current,https://sustainabledevelopment.un.org/content/documents/21252030%20Agenda%20for%20Sustainable%20Development%20web.pdf,United Nations,yes,pending,no,,,
GL_SEA_PROTOCOL,SEA Protocol to Espoo Convention,GL,governance,2003,protocol,current,https://unece.org/DAM/env/eia/documents/legaltexts/protocolenglish.pdf,,yes,ready,no,,,
GL_SENDAI,Sendai Framework for Disaster Risk Reduction 2015-2030,GL,governance;climate,2015,framework,current,https://www.preventionweb.net/files/43291_sendaiframeworkfordrren.pdf,UNDRR,yes,ready,no,,,
GL_STOCKHOLM,Stockholm Convention on Persistent Organic Pollutants,GL,circular,2001,treaty,current,http://www.pops.int/TheConvention/Overview/TextoftheConvention/tabid/2232/Default.aspx,Stockholm Convention Secretariat,yes,pending,no,,,
GL_UNCCD,United Nations Convention to Combat Desertification,GL,agriculture,1994,treaty,current,https://www.unccd.int/sites/default/files/relevant-links/2017-01/UNCCD_Convention_ENG_0.pdf,UNCCD,yes,pending,no,,,
GL_UNCLOS,United Nations Convention on the Law of the Sea,GL,water,1982,treaty,current,https://www.un.org/depts/los/convention_agreements/texts/unclos/unclos_e.pdf,UN DOALOS,yes,pending,no,,,
GL_UNFCCC,United Nations Framework Convention on Climate Change,GL,climate,1992,treaty,current,https://unfccc.int/resource/docs/convkp/conveng.pdf,UNFCCC Secretariat,yes,pending,no,,,
GL_UN_SUSTAINABLE_DEVELOPMENT_AGENDA_2030,Un Sustainable Development Agenda 2030,GL,cross_cutting,2015,policy,current,https://sdgs.un.org/2030agenda,,no,,yes,15834,ok,jurisdiction-guessed;  new-from-kg; year-known-convention
IE_15TH_ORDINARY_MEETING_CONTRACTING_PARTIE,15Th Ordinary Meeting of the Contracting Parties,IE,cross_cutting,,policy,current,,,no,,yes,143196,ok,jurisdiction-guessed; year-unknown; new-from-kg; url-unresolved
IE_2009_PLANNING_SYSTEM_FLOOD_RISK,2009 Planning System Flood Risk Mgmt,IE,water,2009,plan,current,https://www.gov.ie/en/department-of-housing-local-government-and-heritage/publications/the-planning-system-and-flood-risk-management-guidelines-for-planning-authorities-nov-09/,,no,,yes,24454,ok,jurisdiction-guessed;  new-from-kg; year-from-title
IE_AG_CLIMATISE,Ag Climatise: A Roadmap towards Climate Neutrality,IE,agriculture;climate,2020,roadmap,current,https://www.gov.ie/en/publication/07fbe-ag-climatise-a-roadmap-towards-climate-neutrality/,DAFM,yes,pending,yes,8626,ok,
IE_AIR_QUALITY_REGS,Air Pollution Act Regulations (Various S.I.),IE,circular;climate,2022,statutory_instrument,current,https://www.irishstatutebook.ie/eli/2022/si/739/made/en/print,,yes,ready,no,,,
IE_AMMONIA_CODE,Code of Good Agricultural Practice for Reducing Ammonia Emissions from Agriculture (DAFM),IE,agriculture;climate,2019,guidelines,current,https://www.gov.ie/en/department-of-agriculture-food-and-the-marine/consultations/draft-code-of-good-agricultural-practice-for-reducing-ammonia-emissions-from-agriculture/,,yes,ready,no,,,url-spot-check
IE_ANGLING_STRATEGY,Inland Fisheries Ireland (IFI) (2015): National Strategy for Angling Development (NSAD),IE,biodiversity;water,2015,strategy,current,https://www.fisheriesireland.ie/national-strategy-for-angling-development,,yes,ready,no,,,
IE_AQUACULTURE_PLAN,National Plan for Sustainable Aquaculture 2021-2030 (DAFM),IE,agriculture;water,2021,plan,current,https://www.gov.ie/en/department-of-agriculture-food-and-the-marine/publications/national-strategic-plan-for-sustainable-aquaculture-development-2030/,,yes,ready,no,,,
IE_ARTERIAL_DRAINAGE_AMENDMENT_ACT_1995,"Arterial Drainage (Amendment) Act, 1995",IE,water,1995,act,current,https://www.irishstatutebook.ie/eli/1995/act/14/enacted/en/html,,no,,yes,121,extraction-poor,jurisdiction-guessed;  new-from-kg; year-from-title
IE_ARTERIAL_DRAINAGE_MAINTENANCE_PLAN_2025,Arterial Drainage Maintenance Plan 2025,IE,water,2025,plan,current,https://www.opw.ie/en/flood-risk-management/,,no,,yes,23733,ok,jurisdiction-guessed; new-from-kg; year-from-title; url-collection-page
IE_ARTERIAL_DRAIN_ACT,Arterial Drainage Acts 1945 and 1995,IE,water,1995,act,current,https://www.irishstatutebook.ie/eli/1945/act/3/enacted/en/html,,yes,ready,no,,,
IE_ARTERIAL_DRAIN_MAINT,Arterial Drainage Maintenance Activities 2022-2027 (OPW),IE,water,2025,plan,current,https://www.opw.ie/en/flood-risk-management/,,yes,ready,no,,,url-collection-page
IE_BETTER_FARMING_WATER_BOYNE_CATCHMENT,Teagasc Better Water for Farming_Boyne Catchment Area Plan_A4,IE,water,,plan,current,https://teagasc.ie/publications/better-farming-for-water-boyne-catchment-action-plan/,,no,,yes,14408,ok,jurisdiction-guessed; year-unknown; new-from-kg
IE_BIODIV_ADAPT,Biodiversity Climate Change Sectoral Adaptation Plan (2019),IE,biodiversity;climate,2019,plan,current,https://www.npws.ie/sites/default/files/publications/pdf/Biodiversity-Climate-Change-Sectoral-Adaptation-Plan.pdf,,yes,ready,yes,32911,ok,
IE_CAP24,Climate Action Plan 2024,IE,climate,2024,plan,current,https://assets.gov.ie/284675/6dbf4646-3534-40ea-9cfa-5b0441aead21.pdf,DECC,yes,pending,yes,123265,ok,
IE_CAP25,Climate Action Plan 2025,IE,climate,2025,plan,current,https://www.gov.ie/en/publication/climate-action-plan-2025/,DECC,yes,pending,yes,46922,ok,
IE_CAPITAL_INVESTMENT_PLAN_2020_2024,Capital Investment Plan 2020 2024 Explanatory Booklet,IE,cross_cutting,2020,plan,current,,,no,,yes,14444,ok,jurisdiction-guessed; new-from-kg; year-from-title; url-unresolved
IE_CAP_STRATEGIC,Ireland CAP Strategic Plan 2023–2027,IE,agriculture,2023,plan,current,https://www.gov.ie/en/publication/76026-common-agricultural-policy-cap-strategic-plan-2023-2027/,DAFM,yes,pending,yes,15857,ok,
IE_CARBON_BUDGETS,Carbon Budgets Programme (S.I. No. 135/2022),IE,climate,2022,statutory_instrument,current,https://www.irishstatutebook.ie/eli/2022/si/135/made/en/print,Irish Statute Book,yes,ready,no,,,
IE_CFRAMS,National CFRAMS Programme 2015-2021,IE,water;climate,2018,plan,current,https://www.gov.ie/en/office-of-public-works/policy-information/cfram-programme/,,yes,ready,no,,,
IE_CIRCULAR_ACT,Circular Economy and Miscellaneous Provisions Act 2022,IE,circular,2022,act,current,https://www.irishstatutebook.ie/eli/2022/act/26/enacted/en/html,Irish Statute Book,yes,ready,no,,,
IE_CIRCULAR_STRATEGY,Whole of Government Circular Economy Strategy 2022–2023,IE,circular,2022,strategy,current,https://www.gov.ie/en/publication/b542d-whole-of-government-circular-economy-strategy-2022-2023/,DECC,yes,pending,yes,38472,ok,
IE_CITIZENS_ASSEMBLY_BIODIV,Report of the Citizens' Assembly on Biodiversity Loss,IE,biodiversity,2023,report,current,https://citizensassembly.ie/wp-content/uploads/2023/12/Report-on-Biodiversity-Loss_Volume-1.pdf,Citizens' Assembly,yes,pending,yes,39214,ok,
IE_CLEAN_AIR,Clean Air Strategy for Ireland,IE,circular;climate,2023,strategy,current,https://www.gov.ie/en/publication/clean-air-strategy/,DECC,yes,pending,yes,18839,ok,
IE_CLIMATE_ACT,Climate Action and Low Carbon Development (Amendment) Act 2021,IE,climate,2021,act,current,https://www.irishstatutebook.ie/eli/2021/act/32/enacted/en/html,Irish Statute Book,yes,ready,yes,9783,ok,
IE_COASTAL_CHANGE,National Coastal Change Management Strategy (2023),IE,water;climate,2023,strategy,current,https://assets.gov.ie/274791/3629d224-a11d-479d-94e0-6e0e435999f3.pdf,,yes,ready,no,,,
IE_COAST_PROTECT_ACT,Coast Protection Act 1963,IE,water,1963,act,current,https://www.irishstatutebook.ie/eli/1963/act/12/enacted/en/html,,yes,ready,yes,270,extraction-poor,
IE_CODE_GOOD_AGRICULTURAL_PRACTICE_REDUCING,Code of Good Agricultural Practice for Reducing Ammonia Emissions From Agriculture 6C4,IE,climate,,policy,current,https://www.gov.ie/en/department-of-agriculture-food-and-the-marine/consultations/draft-code-of-good-agricultural-practice-for-reducing-ammonia-emissions-from-agriculture/,,no,,yes,11189,ok,jurisdiction-guessed; year-unknown; new-from-kg; url-spot-check
IE_COILLTE_FESLUP_REPORT,Coillte Feslup Report,IE,water,,report,current,https://www.coillte.ie/wp-content/uploads/2023/12/Coillte-FESLUP-Report-Final.pdf,,no,,yes,25430,ok,jurisdiction-guessed; year-unknown; new-from-kg
IE_COILLTE_LAND_USE,Coillte Forest Estate Land Use Plan 2023-2050 (Coillte),IE,climate;biodiversity,2023,plan,current,https://www.coillte.ie/wp-content/uploads/2023/12/Coillte-FESLUP-Report-Final.pdf,,yes,ready,no,,,dedupe-check: IE_COILLTE_FESLUP_REPORT
IE_DMAP_GUIDELINES,Designated Maritime Area Plan Guidelines (DECC),IE,water;planning,2023,guidelines,current,https://www.gov.ie/en/department-of-climate-energy-and-the-environment/publications/national-designated-maritime-area-plan-dmap-for-offshore-renewable-energy/,,yes,ready,no,,,url-collection-page
IE_DMAP_ORE_PROPOSAL,National DMAP for ORE Proposal,IE,cross_cutting,,policy,current,https://assets.gov.ie/300449/71bebc0b-a612-4fb3-8e9f-72d8e48b8a07.pdf,,no,,yes,3682,ok,jurisdiction-guessed; year-unknown; new-from-kg; dedupe-check: IE_DMAP_ORE
IE_DRAFT_PLAN_FORESTS_FRESHWATER_PEARL,Draft Plan for Forests Freshwater Pearl Mussel in Ireland,IE,water,,plan,current,https://www.gov.ie/en/publication/11a47-draft-plan-for-forests-freshwater-pearl-mussel-in-ireland/,,no,,yes,69641,ok,jurisdiction-guessed; year-unknown; new-from-kg
IE_DRAFT_WATER_SERVICES_GUIDELINES,Draft Water Services Guidelines,IE,water,2018,policy,current,,,no,,yes,13938,ok,jurisdiction-guessed; new-from-kg; year-from-filename; url-unresolved
IE_DRINKING_WATER_REGULATIONS,Drinking Water Regulations,IE,water,,regulation,current,https://www.irishstatutebook.ie/eli/2023/si/99/made/en/print,,no,,yes,22871,ok,jurisdiction-guessed; year-unknown; new-from-kg; url-spot-check
IE_DRS,Deposit Return Scheme Regulations,IE,circular,2021,statutory_instrument,current,https://www.irishstatutebook.ie/eli/2021/si/599/made/en/print,,yes,ready,no,,,
IE_EC_DECISION_2017848_CRITERIA_STANDARDS,Ec Decision 2017848 Criteria Standards for Good Environmental Status for Marine Waters,IE,water,2017,policy,current,https://eur-lex.europa.eu/legal-content/EN/TXT/?uri=CELEX:32017D0848,,no,,yes,32305,ok,jurisdiction-guessed;  new-from-kg; year-known
IE_ENERGY_SECURITY,Energy Security in Ireland to 2030 (SEAI),IE,climate,2023,report,current,https://www.seai.ie/publications/Energy-Security-in-Ireland-2023.pdf,,yes,ready,no,,,
IE_ENV_PROTECTION_ACT,The Protection of the Environment Act,IE,governance,1992,act,current,https://www.irishstatutebook.ie/eli/2003/act/27/,,yes,ready,yes,33621,ok,
IE_EPA_NCCRA_MAIN_REPORT_PUBLISHED,EPA Nccra Main Report Published June 2025,IE,water,2025,report,current,https://www.epa.ie/publications/monitoring--assessment/climate-change/national-climate-change-risk-assessment-main-report.php,,no,,yes,19818,ok,jurisdiction-guessed;  new-from-kg; year-from-title
IE_EPA_SOE,EPA Ireland's Environment — An Integrated Assessment 2024,IE,governance,2024,report,current,https://www.epa.ie/publications/monitoring--assessment/assessment/state-of-the-environment/,EPA,yes,pending,no,,,
IE_EPA_SOE_2024,EPA State of the Environment Report 2024,IE,cross_cutting,2024,report,current,https://www.epa.ie/our-services/monitoring--assessment/assessment/state-of-environment-report-/,,no,,yes,192331,ok,jurisdiction-guessed;  new-from-kg; year-from-title
IE_FACTSHEET_COUNTRY_OVERVIEW_EN,Factsheet Country Overview Ireland En,IE,cross_cutting,,policy,current,,,no,,yes,2437,short-source,jurisdiction-guessed; year-unknown; new-from-kg; url-unresolved
IE_FAQ_DOCUMENT_ORE_DMAP,Faq Document for National ORE DMAP,IE,cross_cutting,,policy,current,https://www.gov.ie/en/department-of-climate-energy-and-the-environment/publications/national-designated-maritime-area-plan-dmap-for-offshore-renewable-energy/,,no,,yes,3311,ok,jurisdiction-guessed; year-unknown; new-from-kg; url-collection-page
IE_FLOOD_PLANS,Flood Risk Management Plans,IE,water;climate,2018,plan,current,https://www.floodinfo.ie/static/floodmaps/docs/national_frmp/National_FRMP.pdf,,yes,ready,no,,,url-from-scraper
IE_FLOOD_RISK_GUIDE,The Planning System and Flood Risk Management Guidelines (and Technical Appendices) for Planning Authorities,IE,water;planning,2009,guidelines,current,https://www.gov.ie/en/department-of-housing-local-government-and-heritage/publications/the-planning-system-and-flood-risk-management-guidelines-for-planning-authorities-nov-09/,,yes,ready,no,,,
IE_FLORA_PROTECTION,Flora Protection Order,IE,biodiversity,2022,statutory_instrument,current,https://www.irishstatutebook.ie/eli/2022/si/235/,,yes,ready,yes,1588,short-source,
IE_FOOD_VISION,Food Vision 2030: A World Leader in Sustainable Food Systems,IE,agriculture,2021,strategy,current,https://www.gov.ie/en/publication/c73a3-food-vision-2030/,DAFM,yes,pending,yes,56558,ok,
IE_FORESTRY_ACT,Forestry Act 2014,IE,climate;biodiversity,2014,act,current,https://www.irishstatutebook.ie/eli/2014/act/31/enacted/en/html,,yes,ready,yes,14121,ok,
IE_FORESTRY_LICENCING_PLAN,Forestry Licencing Plan,IE,forestry,2024,plan,current,https://www.gov.ie/en/department-of-agriculture-food-and-the-marine/publications/forestry/,,no,,yes,2326,short-source,jurisdiction-guessed; new-from-kg; year-from-filename; url-collection-page
IE_FORESTRY_PROG,Forestry Programme 2023–2027,IE,climate,2023,programme,current,https://www.gov.ie/en/publication/forestry-programme-2023-2027/,DAFM,yes,pending,yes,35294,ok,
IE_FORESTRY_REGS,Forestry Regulations 2017,IE,climate,2017,statutory_instrument,current,https://www.irishstatutebook.ie/eli/2017/si/191/made/en/print,,yes,ready,yes,6806,ok,
IE_FOREST_ACCOUNTING,Ireland's National Forestry Accounting Plan 2021-2025,IE,climate,2019,plan,current,https://assets.gov.ie/104193/6314f17e-c88c-4f7f-85d1-d2bf81b2a2ff.pdf,,yes,ready,no,,,url-from-scraper
IE_FOREST_ACCOUNTING_PLAN_2021_2025,Irelands National Forest Accounting Plan 2021 2025 Dec,IE,forestry,2021,plan,current,https://assets.gov.ie/109140/c2d5cdf7-c9a2-4b8e-abe3-5f373fb30ef9.pdf,,no,,yes,32493,ok,jurisdiction-guessed; new-from-kg; year-from-title; url-unresolved
IE_FOREST_IMPL_PLAN,Forest Strategy 2023-2027 Implementation Plan (DAFM),IE,climate;biodiversity,2023,plan,current,https://www.gov.ie/en/department-of-agriculture-food-and-the-marine/publications/forest-strategy-implementation-plan-including-the-forestry-programme-2023-2027/,,yes,ready,no,,,
IE_FOREST_STRATEGY,Ireland's Forest Strategy 2023–2030,IE,climate;biodiversity,2023,strategy,current,https://www.gov.ie/en/publication/irelands-forest-strategy-2023-2030/,DAFM,yes,pending,yes,14314,ok,
IE_FPM_FOREST_PLAN,Forestry and Freshwater Pearl Mussel Plan (DAFM),IE,biodiversity;water,2020,plan,current,https://www.gov.ie/en/publication/11a47-draft-plan-for-forests-freshwater-pearl-mussel-in-ireland/,,yes,ready,no,,,
IE_FUTURE_FUND_ACT,"Future Ireland Fund and Infrastructure, Climate and Nature Fund Act 2024",IE,governance;climate,2024,act,current,https://www.irishstatutebook.ie/eli/2024/act/16/enacted/en/html,,yes,ready,yes,12225,ok,
IE_GENERAL_SCHEME_MARINE_PROTECTED_AREAS,General Scheme of Marine Protected Areas Bill,IE,water,2022,bill,current,https://www.gov.ie/en/department-of-housing-local-government-and-heritage/publications/general-scheme-of-marine-protected-areas-bill-2022/,,no,,yes,12673,ok,jurisdiction-guessed;  new-from-kg; year-from-filename
IE_GNP_WOODLAND_MANAGEMENT_STRATEGY_PDF,Glenveagh National Park Woodland Management Strategy,IE,cross_cutting,,strategy,current,https://www.nationalparks.ie/app/uploads/2024/08/GNP-Woodland-Management-Strategy-PDF-ENG.pdf,,no,,yes,42633,ok,jurisdiction-guessed; year-unknown; new-from-kg
IE_GOOD_AGRICULTURAL_PRACTICE_REGS,Good Agricultural Practice Regs,IE,agriculture,,policy,current,https://www.irishstatutebook.ie/eli/2022/si/113/made/en/print,,no,,yes,17859,ok,jurisdiction-guessed; year-unknown; new-from-kg; url-spot-check
IE_GOOD_AG_PRACTICE,Good Agricultural Practice Regulations (S.I.),IE,agriculture;water,2022,statutory_instrument,current,https://www.irishstatutebook.ie/eli/2022/si/113/made/en/print,,yes,ready,no,,,
IE_HARBOURS_ACT,The Harbours Act,IE,water,,act,current,https://www.irishstatutebook.ie/eli/1996/act/11/enacted/en/html,,no,,yes,20067,ok,jurisdiction-guessed; year-unknown; new-from-kg; url-spot-check
IE_HARNESSINGOUROCEANWEALTHREPORT,Harnessing our ocean wealth report,IE,water,2012,report,current,https://www.ouroceanwealth.ie/sites/default/files/sites/default/files/Publications/2012/HarnessingOurOceanWealthReport.pdf,,no,,yes,23443,ok,jurisdiction-guessed;  new-from-kg; year-known
IE_HEN_HARRIER_PLAN,Hen Harrier Threat Response Plan 2023- 2027 (NPWS-DHLGH),IE,biodiversity,2023,plan,current,https://assets.gov.ie/304583/3c321ea1-c7bc-494d-b809-0a310be70a80.pdf,,yes,ready,yes,18763,ok,
IE_HERITAGE_2030,Heritage Ireland 2030,IE,biodiversity;governance,2022,plan,current,https://www.gov.ie/en/publication/heritage-ireland-2030/,DHLGH,yes,pending,yes,14495,ok,
IE_HYDROGEN_STRATEGY,National Hydrogen Strategy,IE,climate,2023,strategy,current,https://www.gov.ie/en/publication/national-hydrogen-strategy/,DECC,yes,ready,no,,,
IE_JUST_TRANSITION,Just Transition Plan,IE,climate;governance,2022,plan,current,https://www.gov.ie/en/publication/just-transition/,,yes,ready,yes,9641,ok,
IE_LANDSCAPE_STRATEGY,N Landscape Strategy ENGLISH - inside.indd,IE,cross_cutting,2015,strategy,current,https://assets.gov.ie/95852/388d4758-50c1-42bd-9adc-0bdfe1291765.pdf,,no,,yes,7361,ok,jurisdiction-guessed;  new-from-kg; year-known
IE_LAND_USE_REVIEW_PHASE_2,A Living Land - Land Use Review Phase 2,IE,cross_cutting,2026,review,current,https://www.gov.ie/en/department-of-climate-energy-and-the-environment/publications/land-use-review-phase-2/,,no,,yes,87050,ok,jurisdiction-guessed;  new-from-kg; year-known
IE_LEAD_WATER_PLAN,Lead in Drinking Water Mitigation Plan,IE,water,2019,plan,current,https://www.water.ie/projects/strategic-plans/lead-mitigation-plan,,yes,ready,yes,29317,ok,
IE_LONG_TERM_STRATEGY,Long-Term Climate Strategy,IE,climate,2023,strategy,current,https://unfccc.int/sites/default/files/resource/Ireland_LTS_2023.pdf,,yes,ready,no,,,url-from-scraper
IE_MARA_STATEMENT_STRATEGY_2024,MARA Statement of Strategy 2024,IE,cross_cutting,2024,strategy,current,https://www.maritimeregulator.ie/about/statement-of-strategy/,,no,,yes,6625,ok,jurisdiction-guessed;  new-from-kg; year-from-title
IE_MARINE_POLICY_STMT,Marine Planning Policy Statement (DECC),IE,water;planning,2023,strategy,current,,,yes,ready,yes,5865,ok,url-unresolved
IE_MARINE_STRATEGY_P3,Ireland’s Marine Strategy Part 3 Programme of Measures,IE,water,2022,plan,current,https://assets.gov.ie/103282/32d0ffba-212d-419b-a3ed-a4ddfdf2bc2d.pdf,,yes,ready,no,,,dedupe-check: IE_MARINE_STRATEGY
IE_MARITIME_AREA_ACT,Maritime Area Planning Act 2021,IE,water;planning,2021,act,current,https://www.irishstatutebook.ie/eli/2021/act/50/enacted/en/html,,yes,ready,yes,95727,ok,url-from-kg-library
IE_MIDLANDS_TRANSITION,National Just Transition Fund — Midlands,IE,climate;governance,2020,plan,current,https://www.gov.ie/en/publication/ed10d-just-transition-fund/,,yes,ready,no,,,
IE_MONKFISH_CONTROL_LANDINGS_NO_REGULATIONS,Monkfish (Control of Landings) (No. 2) Regulations 2013 (Amendment) Regulations 2021,IE,cross_cutting,2013,regulation,current,,,no,,yes,317,extraction-poor,jurisdiction-guessed; new-from-kg; year-from-title; url-unresolved
IE_MONUMENTS_ACT,National Monuments Act 1930 with subsequent amendments,IE,governance,1930,act,current,https://www.irishstatutebook.ie/eli/1930/act/2/enacted/en/html,,yes,ready,yes,170,extraction-poor,
IE_MPA_BILL,Marine Protected Areas Bill 2024,IE,water;biodiversity,2024,bill,proposed,https://www.oireachtas.ie/en/bills/bill/2024/16/,Oireachtas,yes,pending,no,,,
IE_MSP,National Marine Planning Framework,IE,water;planning,2021,plan,current,https://www.gov.ie/en/publication/national-marine-planning-framework/,DHLGH,yes,pending,no,,,
IE_NAF,National Adaptation Framework 2024,IE,climate,2024,framework,current,https://www.gov.ie/en/publication/national-adaptation-framework/,DECC,yes,pending,yes,33048,ok,
IE_NATIONAL_HEAT_STUDY,National Heat Study,IE,climate,2022,study,current,https://www.seai.ie/publications/National-Heat-Study-Summary.pdf,,yes,ready,no,,,
IE_NBAP,Ireland's 4th National Biodiversity Action Plan 2023–2030,IE,biodiversity,2023,plan,current,https://www.gov.ie/en/publication/irelands-4th-national-biodiversity-action-plan-2023-2030/,DHLGH,yes,pending,yes,30979,ok,
IE_NCCRA,National Climate Change Risk Assessment (NCCRA),IE,climate,2025,report,current,https://www.epa.ie/publications/monitoring--assessment/climate-change/national-climate-change-risk-assessment-main-report.php,,yes,ready,no,,,dedupe-check: IE_EPA_NCCRA_MAIN_REPORT_PUBLISHED
IE_NECP,Ireland National Energy and Climate Plan (NECP) 2021-2030 (Updated July 2024),IE,climate,2021,plan,current,https://www.gov.ie/en/publication/0195c-irelands-national-energy-and-climate-plan-2021-2030/,,no,,yes,151304,ok,jurisdiction-guessed; new-from-kg; year-from-title; url-from-download-log
IE_NITRATES_AP5,Fifth Nitrates Action Programme 2022-2025 (S.I. No. 113/2022),IE,water,2022,act,current,https://www.irishstatutebook.ie/eli/2022/si/113/made/en/pdf,,no,,yes,10702,ok,jurisdiction-guessed; new-from-kg; year-from-title; url-from-scraper
IE_NPF,National Planning Framework — Project Ireland 2040,IE,planning;governance,2018,framework,current,https://npf.ie/wp-content/uploads/Project-Ireland-2040-NPF.pdf,DHLGH,yes,pending,yes,67023,ok,
IE_NPWS_STRATEGY,NPWS Strategic Action Plan,IE,biodiversity,2023,strategy,current,https://www.npws.ie/sites/default/files/publications/pdf/NPWS_Strategic_Plan_2023-2025.pdf,,yes,ready,no,,,url-from-scraper
IE_OFFSHORE_WIND,Offshore Renewable Energy Development Plan,IE,climate;water,2023,plan,current,https://www.gov.ie/en/publication/offshore-renewable-energy-development-plan/,,yes,ready,yes,25690,ok,
IE_OREDP_II,Offshore Marine Planning Guidelines (DECC),IE,climate;water,2023,plan,current,https://www.gov.ie/en/department-of-climate-energy-and-the-environment/publications/national-designated-maritime-area-plan-dmap-for-offshore-renewable-energy/,,yes,ready,no,,,url-collection-page; url-spot-check
IE_OSPAR_CONVENTION,Sintra Statement Paper,IE,water,1998,policy,current,https://www.ospar.org/convention/text,,no,,yes,13153,ok,jurisdiction-guessed;  new-from-kg; year-known
IE_PEATLANDS_PCAS,Peatlands Climate Action Scheme (Enhanced Decommissioning Restoration and Rehabilitation Scheme EDRSS),IE,biodiversity;climate,2021,scheme,current,https://www.bnmpcas.ie/,,yes,ready,no,,,
IE_PLANNING_ACT_2024,Planning and Development Act 2024,IE,planning,2024,act,current,https://www.irishstatutebook.ie/eli/2024/act/34/,,yes,ready,no,,,url-spot-check
IE_PLANNING_DEVELOPMENT_HERITAGE_BROADCASTI,"Planning and Development, Heritage and Broadcasting (Amendment) Act",IE,cross_cutting,,act,current,https://www.irishstatutebook.ie/eli/2021/act/11/enacted/en/html,,no,,yes,3800,ok,jurisdiction-guessed; year-unknown; new-from-kg
IE_POLLINATOR_PLAN,All-Ireland Pollinator Plan 2021–2025,IE,biodiversity,2021,plan,current,https://pollinators.ie/wp-content/uploads/2021/03/All-Ireland-Pollinator-Plan-2021-2025-WEB.pdf,National Biodiversity Data Centre,yes,pending,yes,17566,ok,
IE_PORTS_POLICY,National Ports Policy,IE,water;planning,2013,strategy,current,https://www.imdo.ie/services/policy-advice/national-ports-policy,,yes,ready,no,,,
IE_RAISED_BOG_SAC,National Raised-Bog SAC Management Plan 2017,IE,biodiversity,2017,plan,current,https://www.npws.ie/sites/default/files/publications/pdf/National%20Raised%20Bog%20SACs%20Management%20Plan%202017_2022%20(WEB_English).pdf,,yes,ready,no,,,
IE_REPORT_DEER_MANAGEMENT_STRATEGY_GROUP,Irish Deer Management Strategy Group,IE,water,,strategy,current,https://assets.gov.ie/static/documents/report-of-the-deer-management-strategy-group.pdf,,no,,yes,6145,ok,jurisdiction-guessed; year-unknown; new-from-kg
IE_RESS,Renewable Electricity Support Scheme,IE,climate,2020,scheme,current,https://www.gov.ie/en/publication/36d8d2-renewable-electricity-support-scheme/,,yes,ready,no,,,
IE_RURAL_FUTURE,Our rural future: Rural Development Policy 2021-2025 (DCRD),IE,agriculture;governance,2021,strategy,current,https://www.gov.ie/en/department-of-rural-and-community-development-and-the-gaeltacht/publications/our-rural-future-rural-development-policy-2021-2025/,,yes,ready,no,,,
IE_SDG_IMPL,SDG National Implementation Plan 2022–2024,IE,governance,2022,plan,current,https://www.gov.ie/en/publication/e950f-sustainable-development-goals-national-implementation-plan-2022-2024/,DETE,yes,pending,no,,,
IE_SEAFOOD_PROG,Seafood Development Programme 2021- 2027 (DAFM),IE,agriculture;water,2021,programme,current,https://www.gov.ie/en/department-of-agriculture-food-and-the-marine/consultations/public-consultation-on-the-draft-seafood-development-programme-2021-27-irelands-programme-under-the-emfaf/,,yes,ready,yes,8250,ok,url-spot-check
IE_SECTORAL_CEILINGS,Sectoral Emissions Ceilings (S.I. No. 270/2022),IE,climate,2022,statutory_instrument,current,https://www.irishstatutebook.ie/eli/2022/si/270/made/en/print,Irish Statute Book,yes,ready,no,,,
IE_SHARED_ISLAND,Shared Island Funded Nature Initiatives,IE,biodiversity;governance,2023,programme,current,https://www.gov.ie/en/campaigns/shared-island/,,yes,ready,no,,,url-collection-page
IE_SHARED_ISLAND_PROGRAMMES,Shared Island Programmes,IE,cross_cutting,,programme,current,https://www.gov.ie/en/campaigns/shared-island/,,no,,yes,2591,short-source,jurisdiction-guessed; year-unknown; new-from-kg; url-collection-page
IE_SI_NO_117_2003_COMMUNITIES,Port Reception Facilities for Ship Generated Waste and Cargo Residues Regulations 2003,IE,water,2003,regulation,current,https://www.irishstatutebook.ie/eli/2003/si/117/,,no,,yes,3893,ok,jurisdiction-guessed;  new-from-kg; year-from-title
IE_SUSTAINABLE_FW,Our Sustainable Future: A Development Framework for Sustainable Development in Ireland 2010-2030,IE,governance,2012,framework,current,https://developmenteducation.ie/media/documents/Our%20sustainable%20future%20irish%20framework.pdf,,yes,ready,no,,,url-spot-check
IE_WAP24,Water Action Plan 2024 (3rd River Basin Management Plan),IE,water,2024,plan,current,https://www.gov.ie/en/publication/river-basin-management-plan/,DHLGH,yes,pending,yes,55594,ok,
IE_WATERWAYS_HERITAGE,Waterways Ireland Heritage Plan 2016-2020,IE,water,2016,plan,current,https://www.waterwaysireland.org/about-us/public-consultations/waterways-ireland-heritage-and-biodiversity-plan,,yes,ready,no,,,url-spot-check
IE_WATER_PLANNING_GUIDE,Water and Planning Guidelines,IE,water;planning,2018,guidelines,current,,,yes,ready,no,,,url-unresolved
IE_WATER_POLICY_2030,Water Services Policy Statement 2024-2030 (DHLGH),IE,water,2024,strategy,current,https://www.gov.ie/en/publication/443cc-water-services-policy-statement-2024-2030/,,yes,ready,no,,,
IE_WATER_POLLUTION_ACT,"Local Government (Water Pollution) Act, 1977 (Water Quality Standards for Phosphorus) Regulations 1998",IE,water,1977,act,current,https://www.irishstatutebook.ie/eli/1977/act/1/enacted/en/html,,yes,ready,yes,2617,short-source,url-spot-check
IE_WATER_RESOURCES_FW,National Water Resources Framework Plan (Uisce Éireann),IE,water,2021,plan,current,https://www.water.ie/projects/strategic-plans/,,yes,ready,no,,,url-collection-page
IE_WATER_SERVICES_NO_ACT_2013,Water Services (No. 2) Act 2013 (Property Vesting Day) Order 2021,IE,water,2013,act,current,https://www.irishstatutebook.ie/eli/2021/si/319/made/en/print,,no,,yes,1962,short-source,jurisdiction-guessed; new-from-kg; year-from-title
IE_WATER_SERVICES_PLAN,Water Services Strategic Plan (2019-2024) (Uisce Éireann),IE,water,2019,plan,current,https://www.water.ie/projects/strategic-plans/,,yes,ready,no,,,url-collection-page
IE_WATER_STRAT_2050,Water Services Strategic Plan 2050 (Uisce Éireann),IE,water,2023,plan,current,https://www.water.ie/projects/strategic-plans/,,yes,ready,no,,,url-collection-page
IE_WILDLIFE_AMEND,Wildlife (Amendment) Act 2023,IE,biodiversity,2023,act,current,https://www.irishstatutebook.ie/eli/2023/act/7/enacted/en/html,,yes,ready,yes,3593,ok,
LO_CARLOW_CLIMATE,Carlow Local Authority Climate Action Plan 2024-2029,LO,climate,2024,plan,current,https://www.caro.ie/knowledge-hub/local-authority-climate-action-plans-2024-2029,,yes,ready,no,,,url-collection-page
LO_CARO_ATLANTIC,Atlantic Seaboard Climate Action Regional Office — Climate Action Plan,LO,climate,2024,plan,current,https://www.atlanticseaboardcaro.ie/,Atlantic CARO,yes,pending,no,,,
LO_CAVAN_CLIMATE,Cavan Local Authority Climate Action Plan 2024-2029,LO,climate,2024,plan,current,https://www.caro.ie/knowledge-hub/local-authority-climate-action-plans-2024-2029,,yes,ready,no,,,url-collection-page
LO_CONNACHT_ULSTER_WASTE,Connacht-Ulster Regional Waste Management Plan 2024–2030,LO,circular,2024,plan,current,https://www.connaughtulsterwaste.ie/,Connacht-Ulster Waste Region,yes,pending,no,,,
LO_CORK_CDP,Cork County Development Plan 2022–2028,LO,planning;governance,2022,plan,current,https://www.corkcoco.ie/en/cork-county-development-plan-2022-2028,Cork County Council,yes,pending,no,,,
LO_CORK_CITY_CLIMATE,Cork City Local Authority Climate Action Plan 2024-2029,LO,climate,2024,plan,current,https://www.caro.ie/knowledge-hub/local-authority-climate-action-plans-2024-2029,,yes,ready,no,,,url-collection-page
LO_CORK_CLIMATE,Cork City Climate Adaptation Strategy,LO,climate,2019,strategy,current,https://www.corkcity.ie/en/council-services/services/environment/climate-change/,Cork City Council,yes,pending,no,,,
LO_CORK_COUNTY_CLIMATE,Cork County Local Authority Climate Action Plan 2024-2029,LO,climate,2024,plan,current,https://www.caro.ie/knowledge-hub/local-authority-climate-action-plans-2024-2029,,yes,ready,no,,,url-collection-page
LO_DLR_CLIMATE,Dún Laoghaire-Rathdown Local Authority Climate Action Plan 2024-2029,LO,climate,2024,plan,current,https://www.caro.ie/knowledge-hub/local-authority-climate-action-plans-2024-2029,,yes,ready,no,,,url-collection-page
LO_DONEGAL_CLIMATE,Donegal Local Authority Climate Action Plan 2024-2029,LO,climate,2024,plan,current,https://www.caro.ie/knowledge-hub/local-authority-climate-action-plans-2024-2029,,yes,ready,no,,,url-collection-page
LO_DUBLIN_CDP,Dublin City Development Plan 2022–2028,LO,planning;governance,2022,plan,current,https://www.dublincity.ie/residential/planning/strategic-planning/dublin-city-development-plan/dublin-city-development-plan-2022-2028,Dublin City Council,yes,pending,no,,,
LO_DUBLIN_CITY_CLIMATE,Dublin City Local Authority Climate Action Plan 2024-2029,LO,climate,2024,plan,current,https://www.caro.ie/knowledge-hub/local-authority-climate-action-plans-2024-2029,,yes,ready,no,,,url-collection-page
LO_DUBLIN_CLIMATE,Dublin Climate Action Plan 2024,LO,climate,2024,plan,current,https://www.dublincity.ie/residential/environment/dublin-city-councils-climate-change-action-plan,Dublin City Council,yes,pending,no,,,
LO_EASTERN_MIDLAND_WASTE,Eastern-Midlands Regional Waste Management Plan 2024–2030,LO,circular,2024,plan,current,https://www.emwr.ie/,Eastern-Midlands Waste Region,yes,pending,no,,,
LO_FINGAL_BIODIV,Fingal Biodiversity Action Plan,LO,biodiversity,2024,plan,current,https://actionforbiodiversity.ie/local-authorities/,,yes,ready,no,,,url-collection-page
LO_FINGAL_CLIMATE,Fingal Local Authority Climate Action Plan 2024-2029,LO,climate,2024,plan,current,https://www.caro.ie/knowledge-hub/local-authority-climate-action-plans-2024-2029,,yes,ready,no,,,url-collection-page
LO_GALWAY_BIODIV,Galway City Biodiversity Action Plan,LO,biodiversity,2024,plan,current,https://www.galwaycity.ie/biodiversity-action-plan,Galway City Council,yes,pending,no,,,
LO_GALWAY_CDP,Galway County Development Plan 2022–2028,LO,planning;governance,2022,plan,current,https://www.galway.ie/en/services/planning/development-plans/county-development-plan/,Galway County Council,yes,pending,no,,,
LO_GALWAY_CITY_CLIMATE,Galway City Local Authority Climate Action Plan 2024-2029,LO,climate,2024,plan,current,https://www.caro.ie/knowledge-hub/local-authority-climate-action-plans-2024-2029,,yes,ready,no,,,url-collection-page
LO_GALWAY_COUNTY_CLIMATE,Galway County Local Authority Climate Action Plan 2024-2029,LO,climate,2024,plan,current,https://www.caro.ie/knowledge-hub/local-authority-climate-action-plans-2024-2029,,yes,ready,no,,,url-collection-page
LO_KERRY_CLIMATE,Kerry Local Authority Climate Action Plan 2024-2029,LO,climate,2024,plan,current,https://www.caro.ie/knowledge-hub/local-authority-climate-action-plans-2024-2029,,yes,ready,no,,,url-collection-page
LO_KILDARE_CLIMATE,Kildare Local Authority Climate Action Plan 2024-2029,LO,climate,2024,plan,current,https://www.caro.ie/knowledge-hub/local-authority-climate-action-plans-2024-2029,,yes,ready,no,,,url-collection-page
LO_KILKENNY_CLIMATE,Kilkenny Local Authority Climate Action Plan 2024-2029,LO,climate,2024,plan,current,https://www.caro.ie/knowledge-hub/local-authority-climate-action-plans-2024-2029,,yes,ready,no,,,url-collection-page
LO_LAOIS_CLIMATE,Laois Local Authority Climate Action Plan 2024-2029,LO,climate,2024,plan,current,https://www.caro.ie/knowledge-hub/local-authority-climate-action-plans-2024-2029,,yes,ready,no,,,url-collection-page
LO_LEITRIM_CLIMATE,Leitrim Local Authority Climate Action Plan 2024-2029,LO,climate,2024,plan,current,https://www.caro.ie/knowledge-hub/local-authority-climate-action-plans-2024-2029,,yes,ready,no,,,url-collection-page
LO_LIMERICK_CLIMATE,Limerick Local Authority Climate Action Plan 2024-2029,LO,climate,2024,plan,current,https://www.caro.ie/knowledge-hub/local-authority-climate-action-plans-2024-2029,,yes,ready,no,,,url-collection-page
LO_LONGFORD_CLIMATE,Longford Local Authority Climate Action Plan 2024-2029,LO,climate,2024,plan,current,https://www.caro.ie/knowledge-hub/local-authority-climate-action-plans-2024-2029,,yes,ready,no,,,url-collection-page
LO_LOUTH_CLIMATE,Louth Local Authority Climate Action Plan 2024-2029,LO,climate,2024,plan,current,https://www.caro.ie/knowledge-hub/local-authority-climate-action-plans-2024-2029,,yes,ready,no,,,url-collection-page
LO_MAYO_CLIMATE,Mayo Local Authority Climate Action Plan 2024-2029,LO,climate,2024,plan,current,https://www.caro.ie/knowledge-hub/local-authority-climate-action-plans-2024-2029,,yes,ready,no,,,url-collection-page
LO_MEATH_BIODIV,Meath Biodiversity Action Plan,LO,biodiversity,2024,plan,current,https://actionforbiodiversity.ie/local-authorities/,,yes,ready,no,,,url-collection-page
LO_MONAGHAN_CLIMATE,Monaghan Local Authority Climate Action Plan 2024-2029,LO,climate,2024,plan,current,https://www.caro.ie/knowledge-hub/local-authority-climate-action-plans-2024-2029,,yes,ready,no,,,url-collection-page
LO_OFFALY_BIODIV,Offaly Biodiversity Action Plan,LO,biodiversity,2024,plan,current,https://actionforbiodiversity.ie/local-authorities/,,yes,ready,no,,,url-collection-page
LO_OFFALY_CLIMATE,Offaly Local Authority Climate Action Plan 2024-2029,LO,climate,2024,plan,current,https://www.caro.ie/knowledge-hub/local-authority-climate-action-plans-2024-2029,,yes,ready,no,,,url-collection-page
LO_ROSCOMMON_CDP,Roscommon County Development Plan 2022–2028,LO,planning;governance,2022,plan,current,https://www.roscommoncoco.ie/en/services/planning/development-plans/,Roscommon County Council,yes,pending,no,,,
LO_ROSCOMMON_CLIMATE,Roscommon Local Authority Climate Action Plan 2024-2029,LO,climate,2024,plan,current,https://www.caro.ie/knowledge-hub/local-authority-climate-action-plans-2024-2029,,yes,ready,no,,,url-collection-page
LO_SHANNON_CATCHMENT,Shannon Catchment Assessment 2022–2027,LO,water,2022,plan,current,https://www.catchments.ie/shannon/,EPA / LAWPRO,yes,pending,no,,,
LO_SOUTH_DUBLIN_CLIMATE,South Dublin Local Authority Climate Action Plan 2024-2029,LO,climate,2024,plan,current,https://www.caro.ie/knowledge-hub/local-authority-climate-action-plans-2024-2029,,yes,ready,no,,,url-collection-page
LO_TIPPERARY_BIODIV,Tipperary Biodiversity Action Plan,LO,biodiversity,2024,plan,current,https://actionforbiodiversity.ie/local-authorities/,,yes,ready,no,,,url-collection-page
LO_TIPPERARY_CLIMATE,Tipperary Local Authority Climate Action Plan 2024-2029,LO,climate,2024,plan,current,https://www.caro.ie/knowledge-hub/local-authority-climate-action-plans-2024-2029,,yes,ready,no,,,url-collection-page
LO_WATERFORD_CLIMATE,Waterford Local Authority Climate Action Plan 2024-2029,LO,climate,2024,plan,current,https://www.caro.ie/knowledge-hub/local-authority-climate-action-plans-2024-2029,,yes,ready,no,,,url-collection-page
LO_WESTMEATH_CLIMATE,Westmeath Local Authority Climate Action Plan 2024-2029,LO,climate,2024,plan,current,https://www.caro.ie/knowledge-hub/local-authority-climate-action-plans-2024-2029,,yes,ready,no,,,url-collection-page
LO_WEXFORD_CLIMATE,Wexford Local Authority Climate Action Plan 2024-2029,LO,climate,2024,plan,current,https://www.caro.ie/knowledge-hub/local-authority-climate-action-plans-2024-2029,,yes,ready,no,,,url-collection-page
LO_WICKLOW_CLIMATE,Wicklow Local Authority Climate Action Plan 2024-2029,LO,climate,2024,plan,current,https://www.caro.ie/knowledge-hub/local-authority-climate-action-plans-2024-2029,,yes,ready,no,,,url-collection-page
EU_ACCESS_INFO,Access Info,EU,cross_cutting,,,current,https://eur-lex.europa.eu/legal-content/EN/TXT/PDF/?uri=CELEX:32003L0004,,no,,no,,,new-from-scraper; title-needs-confirm; year-unknown; file already downloaded: scraping_dir/EU/downloaded_eu_docs/EU_ACCESS_INFO.pdf
EU_ANIMAL_WELFARE,Animal Welfare,EU,cross_cutting,,,current,https://eur-lex.europa.eu/legal-content/EN/TXT/PDF/?uri=CELEX:52023PC0770,,no,,no,,,new-from-scraper; title-needs-confirm; year-unknown; file already downloaded: scraping_dir/EU/downloaded_eu_docs/EU_ANIMAL_WELFARE.pdf
EU_CLP_REG,Clp Reg,EU,cross_cutting,,,current,https://eur-lex.europa.eu/legal-content/EN/TXT/PDF/?uri=CELEX:32008R1272,,no,,no,,,new-from-scraper; title-needs-confirm; year-unknown; file already downloaded: scraping_dir/EU/downloaded_eu_docs/EU_CLP_REG.pdf
EU_CRITICAL_RAW_MATERIALS,Critical Raw Materials,EU,cross_cutting,,,current,https://eur-lex.europa.eu/legal-content/EN/TXT/PDF/?uri=CELEX:32024R1252,,no,,no,,,new-from-scraper; title-needs-confirm; year-unknown; file already downloaded: scraping_dir/EU/downloaded_eu_docs/EU_CRITICAL_RAW_MATERIALS.pdf
EU_END,End,EU,cross_cutting,,,current,https://eur-lex.europa.eu/legal-content/EN/TXT/PDF/?uri=CELEX:32002L0049,,no,,no,,,new-from-scraper; title-needs-confirm; year-unknown; file already downloaded: scraping_dir/EU/downloaded_eu_docs/EU_END.pdf
EU_ENV_LIABILITY,Env Liability,EU,cross_cutting,,,current,https://eur-lex.europa.eu/legal-content/EN/TXT/PDF/?uri=CELEX:32004L0035,,no,,no,,,new-from-scraper; title-needs-confirm; year-unknown; file already downloaded: scraping_dir/EU/downloaded_eu_docs/EU_ENV_LIABILITY.pdf
EU_EQS_DIR,Eqs Dir,EU,water,,,current,https://eur-lex.europa.eu/legal-content/EN/TXT/PDF/?uri=CELEX:32008L0105,,no,,no,,,new-from-scraper; title-needs-confirm; year-unknown; file already downloaded: scraping_dir/EU/downloaded_eu_docs/EU_EQS_DIR.pdf
EU_FIT_FOR_55,Fit For 55,EU,climate,,,current,https://eur-lex.europa.eu/legal-content/EN/TXT/PDF/?uri=CELEX:52021DC0550,,no,,no,,,new-from-scraper; title-needs-confirm; year-unknown; file already downloaded: scraping_dir/EU/downloaded_eu_docs/EU_FIT_FOR_55.pdf
EU_FOOD_WASTE,Food Waste,EU,agriculture,,,current,https://eur-lex.europa.eu/legal-content/EN/TXT/PDF/?uri=CELEX:52023PC0420,,no,,no,,,new-from-scraper; title-needs-confirm; year-unknown; file already downloaded: scraping_dir/EU/downloaded_eu_docs/EU_FOOD_WASTE.pdf
EU_ORGANIC_REG,Organic Reg,EU,agriculture,,,current,https://eur-lex.europa.eu/legal-content/EN/TXT/PDF/?uri=CELEX:32018R0848,,no,,no,,,new-from-scraper; title-needs-confirm; year-unknown; file already downloaded: scraping_dir/EU/downloaded_eu_docs/EU_ORGANIC_REG.pdf
EU_POLLINATORS,Pollinators,EU,biodiversity,,,current,https://eur-lex.europa.eu/legal-content/EN/TXT/PDF/?uri=CELEX:52023DC0035,,no,,no,,,new-from-scraper; title-needs-confirm; year-unknown; file already downloaded: scraping_dir/EU/downloaded_eu_docs/EU_POLLINATORS.pdf
EU_ROHS_DIR,Rohs Dir,EU,cross_cutting,,,current,https://eur-lex.europa.eu/legal-content/EN/TXT/PDF/?uri=CELEX:32011L0065,,no,,no,,,new-from-scraper; title-needs-confirm; year-unknown; file already downloaded: scraping_dir/EU/downloaded_eu_docs/EU_ROHS_DIR.pdf
EU_SUR,Sur,EU,cross_cutting,,,current,https://eur-lex.europa.eu/legal-content/EN/TXT/PDF/?uri=CELEX:52022PC0305,,no,,no,,,new-from-scraper; title-needs-confirm; year-unknown; file already downloaded: scraping_dir/EU/downloaded_eu_docs/EU_SUR.pdf
EU_SUSTAINABLE_FINANCE,Sustainable Finance,EU,cross_cutting,,,current,https://eur-lex.europa.eu/legal-content/EN/TXT/PDF/?uri=CELEX:32019R2088,,no,,no,,,new-from-scraper; title-needs-confirm; year-unknown; dedupe-check: EU_SFDR; file already downloaded: scraping_dir/EU/downloaded_eu_docs/EU_SUSTAINABLE_FINANCE.pdf
EU_TERRITORIAL_AGENDA,Territorial Agenda,EU,cross_cutting,,,current,https://territorialagenda.eu/wp-content/uploads/TA2030_jun2021_en.pdf,,no,,no,,,new-from-scraper; title-needs-confirm; year-unknown; file already downloaded: scraping_dir/EU/downloaded_eu_docs/EU_TERRITORIAL_AGENDA.pdf
EU_WEEE_DIR,Weee Dir,EU,cross_cutting,,,current,https://eur-lex.europa.eu/legal-content/EN/TXT/PDF/?uri=CELEX:32012L0019,,no,,no,,,new-from-scraper; title-needs-confirm; year-unknown; file already downloaded: scraping_dir/EU/downloaded_eu_docs/EU_WEEE_DIR.pdf
IE_AGRI_EMISSIONS,Agri Emissions,IE,climate,,,current,https://assets.gov.ie/38072/10b9338fec374ffba63c56d78a9c80d4.pdf,,no,,no,,,new-from-scraper; title-needs-confirm; year-unknown
IE_AGRI_FOOD_STRATEGY,Agri Food Strategy,IE,agriculture,,,current,https://assets.gov.ie/110200/dbb3fbd7-ad82-416b-bcff-cbff2ba55280.pdf,,no,,no,,,new-from-scraper; title-needs-confirm; year-unknown
IE_COFORD_LAND_USE,Coford Land Use,IE,forestry,,,current,https://www.coford.ie/media/coford/content/publications/2023/LandUseReview-Phase1.pdf,,no,,no,,,"new-from-scraper; title-needs-confirm; year-unknown; dedupe-check: IE_COILLTE_LAND_USE,IE_LAND_USE_REVIEW_PHASE_2"
IE_DMAP_ORE,Dmap Ore,IE,cross_cutting,,,current,https://assets.gov.ie/300449/71bebc0b-a612-4fb3-8e9f-72d8e48b8a07.pdf,,no,,no,,,"new-from-scraper; title-needs-confirm; year-unknown; dedupe-check: IE_DMAP_ORE_PROPOSAL,IE_FAQ_DOCUMENT_ORE_DMAP"
IE_EIA_GUIDELINES,Eia Guidelines,IE,cross_cutting,,,current,https://www.opr.ie/wp-content/uploads/2019/08/2018-Environmental-Impact-Assessment-1.pdf,,no,,no,,,new-from-scraper; title-needs-confirm; year-unknown
IE_EPA_INDICATORS,Epa Indicators,IE,cross_cutting,,,current,https://www.epa.ie/publications/monitoring--assessment/assessment/state-of-the-environment/EPA_Indicators_Report_2023_web.pdf,,no,,no,,,new-from-scraper; title-needs-confirm; year-unknown
IE_FORESHORE_ACT,Foreshore Act,IE,cross_cutting,,,current,https://revisedacts.lawreform.ie/eli/1933/act/12/front/revised/en/pdf,,no,,no,,,new-from-scraper; title-needs-confirm; year-unknown
IE_FRESHWATER_PEARL_MUSSEL,Freshwater Pearl Mussel,IE,water,,,current,https://www.npws.ie/sites/default/files/publications/pdf/Freshwater%20Pearl%20Mussel%20Sub-basin%20Management%20Plans%20-%20Literature%20Review.pdf,,no,,no,,,"new-from-scraper; title-needs-confirm; year-unknown; dedupe-check: IE_DRAFT_PLAN_FORESTS_FRESHWATER_PEARL,IE_FPM_FOREST_PLAN"
IE_INVASIVE_SPECIES,Invasive Species,IE,biodiversity,,,current,https://www.npws.ie/sites/default/files/publications/pdf/National_Invasive_Alien_Species_Management_Plan.pdf,,no,,no,,,new-from-scraper; title-needs-confirm; year-unknown; dedupe-check: EU_IAS_REG
IE_LULUCF_PLAN,Lulucf Plan,IE,climate,,,current,https://assets.gov.ie/109140/c2d5cdf7-c9a2-4b8e-abe3-5f373fb30ef9.pdf,,no,,no,,,new-from-scraper; title-needs-confirm; year-unknown
IE_MARINE_STRATEGY,Marine Strategy,IE,water,,,current,https://assets.gov.ie/103282/32d0ffba-212d-419b-a3ed-a4ddfdf2bc2d.pdf,,no,,no,,,new-from-scraper; title-needs-confirm; year-unknown
IE_NATIONAL_PARKS_PLAN,National Parks Plan,IE,biodiversity,,,current,https://www.npws.ie/sites/default/files/general/ws-and-nps-strategy.pdf,,no,,no,,,new-from-scraper; title-needs-confirm; year-unknown
IE_NATIONAL_SOIL_STRATEGY,National Soil Strategy,IE,cross_cutting,,,current,https://assets.gov.ie/288417/0a945b1d-7208-4172-88f5-46a2a07c08fc.pdf,,no,,no,,,new-from-scraper; title-needs-confirm; year-unknown
IE_NATIONAL_WASTE_PLAN,National Waste Plan,IE,cross_cutting,,,current,https://nationalwasteplan.ie/wp-content/uploads/2024/03/National-Waste-Management-Plan-for-a-Circular-Economy-2024-2030-English.pdf,,no,,no,,,new-from-scraper; title-needs-confirm; year-unknown
IE_NDP,Ndp,IE,cross_cutting,,,current,https://assets.gov.ie/201202/69d1b7b7-eb27-4638-aaee-da5ea451855a.pdf,,no,,no,,,new-from-scraper; title-needs-confirm; year-unknown
IE_NOISE_ACTION,Noise Action,IE,cross_cutting,,,current,https://www.epa.ie/publications/monitoring--assessment/noise/Round-4-Noise-Action-Plan-Guidance.pdf,,no,,no,,,new-from-scraper; title-needs-confirm; year-unknown
IE_OCEAN_WEALTH,Ocean Wealth,IE,water,,,current,https://www.marine.ie/sites/default/files/harnessing_our_ocean_wealth_-_an_integrated_marine_plan_for_ireland.pdf,,no,,no,,,new-from-scraper; title-needs-confirm; year-unknown; dedupe-check: IE_HARNESSINGOUROCEANWEALTHREPORT
IE_ORGANIC_STRATEGY,Organic Strategy,IE,agriculture,,,current,https://assets.gov.ie/114979/e1e1a5a0-d4fb-4b52-b8f2-ab97e743a3d5.pdf,,no,,no,,,new-from-scraper; title-needs-confirm; year-unknown
IE_PEATLANDS_STRATEGY,Peatlands Strategy,IE,biodiversity,,,current,https://www.npws.ie/sites/default/files/publications/pdf/NationalPeatlandsStrategy2015EnglishVersion.pdf,,no,,no,,,new-from-scraper; title-needs-confirm; year-unknown
IE_PLANNING_ACT,Planning Act,IE,cross_cutting,,,current,https://data.oireachtas.ie/ie/oireachtas/bill/2023/81/eng/enacted/b81b23d.pdf,,no,,no,,,new-from-scraper; title-needs-confirm; year-unknown
IE_PLASTIC_BAG_LEVY,Plastic Bag Levy,IE,cross_cutting,,,current,https://assets.gov.ie/223709/78f2cb5e-5fb0-4e31-8930-9b4e859ec1d0.pdf,,no,,no,,,new-from-scraper; title-needs-confirm; year-unknown
IE_RSES_EAST,Rses East,IE,cross_cutting,,,current,https://emra.ie/dubh/wp-content/uploads/2020/05/EMRA_RSES_1.4.5_web.pdf,,no,,no,,,new-from-scraper; title-needs-confirm; year-unknown
IE_RSES_NORTH,Rses North,IE,cross_cutting,,,current,https://www.nwra.ie/wp-content/uploads/2020/04/NWRA-RSES-2020-2032.pdf,,no,,no,,,new-from-scraper; title-needs-confirm; year-unknown
IE_RSES_SOUTH,Rses South,IE,cross_cutting,,,current,https://www.southernassembly.ie/uploads/general-files/RSES-Southern-Region.pdf,,no,,no,,,new-from-scraper; title-needs-confirm; year-unknown
IE_SDG_IMPLEMENTATION,SDG National Implementation Plan 2022–2024,IE,cross_cutting,,,current,https://assets.gov.ie/236725/94916a2b-dff8-4ff4-bf9e-8c33ec7c3365.pdf,,no,,no,,,new-from-scraper; year-unknown; dedupe-check: IE_SDG_IMPL
IE_SDG_REPORT,SDG National Progress Report,IE,cross_cutting,,,current,https://assets.gov.ie/264389/c27ea2a0-4fc7-4581-9b16-56094cd6f398.pdf,,no,,no,,,new-from-scraper; year-unknown
IE_SEA_GUIDELINES,Sea Guidelines,IE,cross_cutting,,,current,https://assets.gov.ie/218086/e3e07db8-75ea-401c-b695-1279a0b0d381.pdf,,no,,no,,,new-from-scraper; title-needs-confirm; year-unknown
IE_TEAGASC_SUSTAINABILITY,Teagasc Sustainability,IE,agriculture,,,current,https://www.teagasc.ie/media/website/publications/2023/2022-Sustainability-Report.pdf,,no,,no,,,new-from-scraper; title-needs-confirm; year-unknown
IE_WASTE_ACTION_PLAN,Waste Action Plan,IE,cross_cutting,,,current,https://assets.gov.ie/86646/c26b9a89-22a3-4876-b816-dc50a58ef3bb.pdf,,no,,no,,,new-from-scraper; title-needs-confirm; year-unknown
IE_WATER_SERVICES_ACT,Water Services Act,IE,water,,,current,https://revisedacts.lawreform.ie/eli/2007/act/30/front/revised/en/pdf,,no,,no,,,"new-from-scraper; title-needs-confirm; year-unknown; dedupe-check: IE_DRAFT_WATER_SERVICES_GUIDELINES,IE_WATER_POLICY_2030,IE_WATER_SERVICES_NO_ACT_2013"
IE_WILDLIFE_ACT,Wildlife Act,IE,biodiversity,,,current,https://revisedacts.lawreform.ie/eli/1976/act/39/front/revised/en/pdf,,no,,no,,,new-from-scraper; title-needs-confirm; year-unknown
